source,type,title,description,link,pubDate,creator,media_url,guid,timestamp
https://www.youtube.com/feeds/videos.xml?channel_id=UCsXVk37bltHxD1rDPwtNM8Q,atom,Your Spacesuit Fails ‚Äì What Now? #shorts,,https://www.youtube.com/watch?v=eGU9Bvl7VvQ,2025-04-10T14:01:02+00:00,Kurzgesagt ‚Äì In a Nutshell,,yt:video:eGU9Bvl7VvQ,2025-04-12T14:54:42.845361
https://www.youtube.com/feeds/videos.xml?channel_id=UCsXVk37bltHxD1rDPwtNM8Q,atom,SOUTH KOREA IS OVER,,https://www.youtube.com/watch?v=Ufmu1WD2TSk,2025-04-02T14:00:03+00:00,Kurzgesagt ‚Äì In a Nutshell,,yt:video:Ufmu1WD2TSk,2025-04-12T14:54:42.845377
https://www.youtube.com/feeds/videos.xml?channel_id=UCsXVk37bltHxD1rDPwtNM8Q,atom,Bird Flu Simulator #shorts,,https://www.youtube.com/watch?v=PHI07XtbfVA,2025-03-27T15:00:36+00:00,Kurzgesagt ‚Äì In a Nutshell,,yt:video:PHI07XtbfVA,2025-04-12T14:54:42.845383
https://www.youtube.com/feeds/videos.xml?channel_id=UCsXVk37bltHxD1rDPwtNM8Q,atom,Why Your Brain Blinds You For 2 Hours Every Day,,https://www.youtube.com/watch?v=wo_e0EvEZn8,2025-03-18T15:00:01+00:00,Kurzgesagt ‚Äì In a Nutshell,,yt:video:wo_e0EvEZn8,2025-04-12T14:54:42.845387
https://www.youtube.com/feeds/videos.xml?channel_id=UCsXVk37bltHxD1rDPwtNM8Q,atom,What If Continents and Oceans Switched Places? #shorts,,https://www.youtube.com/watch?v=joYJahY4FUI,2025-03-13T15:01:01+00:00,Kurzgesagt ‚Äì In a Nutshell,,yt:video:joYJahY4FUI,2025-04-12T14:54:42.845391
https://www.youtube.com/feeds/videos.xml?channel_id=UCsXVk37bltHxD1rDPwtNM8Q,atom,How Radioactive Are Your Teeth? #shorts,,https://www.youtube.com/watch?v=FPZuklD9eRg,2025-03-06T15:00:30+00:00,Kurzgesagt ‚Äì In a Nutshell,,yt:video:FPZuklD9eRg,2025-04-12T14:54:42.845395
https://www.youtube.com/feeds/videos.xml?channel_id=UCsXVk37bltHxD1rDPwtNM8Q,atom,If You Eat Meat You Should Know This,,https://www.youtube.com/watch?v=5sVfTPaxRwk,2025-02-25T15:00:01+00:00,Kurzgesagt ‚Äì In a Nutshell,,yt:video:5sVfTPaxRwk,2025-04-12T14:54:42.845399
https://www.youtube.com/feeds/videos.xml?channel_id=UCsXVk37bltHxD1rDPwtNM8Q,atom,How to Clean Up Space Debris #shorts,,https://www.youtube.com/watch?v=XQQkHLW8b3Y,2025-02-20T15:00:44+00:00,Kurzgesagt ‚Äì In a Nutshell,,yt:video:XQQkHLW8b3Y,2025-04-12T14:54:42.845403
https://www.youtube.com/feeds/videos.xml?channel_id=UCsXVk37bltHxD1rDPwtNM8Q,atom,What Falling in Love Does to You #shorts,,https://www.youtube.com/watch?v=KmgRBiRMmAU,2025-02-14T15:00:23+00:00,Kurzgesagt ‚Äì In a Nutshell,,yt:video:KmgRBiRMmAU,2025-04-12T14:54:42.845407
https://www.youtube.com/feeds/videos.xml?channel_id=UCsXVk37bltHxD1rDPwtNM8Q,atom,What Actual Aliens Might Look Like,,https://www.youtube.com/watch?v=dCiMUWw1BBc,2025-02-04T15:00:01+00:00,Kurzgesagt ‚Äì In a Nutshell,,yt:video:dCiMUWw1BBc,2025-04-12T14:54:42.845410
https://www.youtube.com/feeds/videos.xml?channel_id=UCsXVk37bltHxD1rDPwtNM8Q,atom,How Chicken Heads Stopped Rabies #shorts,,https://www.youtube.com/watch?v=RLEvo3I5C6w,2025-01-30T15:00:35+00:00,Kurzgesagt ‚Äì In a Nutshell,,yt:video:RLEvo3I5C6w,2025-04-12T14:54:42.845414
https://www.youtube.com/feeds/videos.xml?channel_id=UCsXVk37bltHxD1rDPwtNM8Q,atom,Are You a Machine? #shorts,,https://www.youtube.com/watch?v=UyUm3KEnZxE,2025-01-23T15:00:40+00:00,Kurzgesagt ‚Äì In a Nutshell,,yt:video:UyUm3KEnZxE,2025-04-12T14:54:42.845418
https://www.youtube.com/feeds/videos.xml?channel_id=UCsXVk37bltHxD1rDPwtNM8Q,atom,Whales Evolved from This Animal #shorts,,https://www.youtube.com/watch?v=oR3Q7RntqEw,2025-01-16T15:01:09+00:00,Kurzgesagt ‚Äì In a Nutshell,,yt:video:oR3Q7RntqEw,2025-04-12T14:54:42.845421
https://www.youtube.com/feeds/videos.xml?channel_id=UCsXVk37bltHxD1rDPwtNM8Q,atom,Your Brain Deletes Your Childhood Memories #shorts,,https://www.youtube.com/watch?v=0pyGPK3fG4U,2025-01-09T15:00:02+00:00,Kurzgesagt ‚Äì In a Nutshell,,yt:video:0pyGPK3fG4U,2025-04-12T14:54:42.845425
https://www.youtube.com/feeds/videos.xml?channel_id=UCsXVk37bltHxD1rDPwtNM8Q,atom,Lightning: Nature‚Äôs Plasma Highway #shorts,,https://www.youtube.com/watch?v=mCAm38dSD78,2025-01-02T15:00:56+00:00,Kurzgesagt ‚Äì In a Nutshell,,yt:video:mCAm38dSD78,2025-04-12T14:54:42.845428
https://www.youtube.com/feeds/videos.xml?channel_id=UCHnyfMqiRRG1u-2MsSQLbXA,atom,Can you solve this SAT question?,,https://www.youtube.com/watch?v=ZC98ZK6Ivug,2025-04-08T16:59:15+00:00,Veritasium,,yt:video:ZC98ZK6Ivug,2025-04-12T14:54:42.983773
https://www.youtube.com/feeds/videos.xml?channel_id=UCHnyfMqiRRG1u-2MsSQLbXA,atom,The Man Who Almost Broke Math (And Himself...),,https://www.youtube.com/watch?v=_cr46G2K5Fo,2025-04-02T10:31:01+00:00,Veritasium,,yt:video:_cr46G2K5Fo,2025-04-12T14:54:42.983799
https://www.youtube.com/feeds/videos.xml?channel_id=UCHnyfMqiRRG1u-2MsSQLbXA,atom,Can you solve the prisoner's riddle?,,https://www.youtube.com/watch?v=DCiPrr-dQyw,2025-03-24T15:46:32+00:00,Veritasium,,yt:video:DCiPrr-dQyw,2025-04-12T14:54:42.983808
https://www.youtube.com/feeds/videos.xml?channel_id=UCHnyfMqiRRG1u-2MsSQLbXA,atom,Why Did The Mars Helicopter Disappear?,,https://www.youtube.com/watch?v=20vUNgRdB4o,2025-03-20T22:41:55+00:00,Veritasium,,yt:video:20vUNgRdB4o,2025-04-12T14:54:42.983815
https://www.youtube.com/feeds/videos.xml?channel_id=UCHnyfMqiRRG1u-2MsSQLbXA,atom,Something Strange Happens When You Trust Quantum Mechanics,,https://www.youtube.com/watch?v=qJZ1Ez28C-A,2025-03-05T02:22:56+00:00,Veritasium,,yt:video:qJZ1Ez28C-A,2025-04-12T14:54:42.983822
https://www.youtube.com/feeds/videos.xml?channel_id=UCHnyfMqiRRG1u-2MsSQLbXA,atom,The Google Interview Question Everyone Gets Wrong,,https://www.youtube.com/watch?v=dFVrncgIvos,2025-02-18T16:03:35+00:00,Veritasium,,yt:video:dFVrncgIvos,2025-04-12T14:54:42.983829
https://www.youtube.com/feeds/videos.xml?channel_id=UCHnyfMqiRRG1u-2MsSQLbXA,atom,This Is The Perfect Bowling Strategy,,https://www.youtube.com/watch?v=mqo1lQL59VI,2025-02-14T16:49:48+00:00,Veritasium,,yt:video:mqo1lQL59VI,2025-04-12T14:54:42.983836
https://www.youtube.com/feeds/videos.xml?channel_id=UCHnyfMqiRRG1u-2MsSQLbXA,atom,The Most Useful Thing AI Has Ever Done,,https://www.youtube.com/watch?v=P_fHJIYENdI,2025-02-10T14:03:41+00:00,Veritasium,,yt:video:P_fHJIYENdI,2025-04-12T14:54:42.983843
https://www.youtube.com/feeds/videos.xml?channel_id=UCHnyfMqiRRG1u-2MsSQLbXA,atom,What if you just keep zooming in?,,https://www.youtube.com/watch?v=88bMVbx1dzM,2025-02-05T15:02:34+00:00,Veritasium,,yt:video:88bMVbx1dzM,2025-04-12T14:54:42.983850
https://www.youtube.com/feeds/videos.xml?channel_id=UCHnyfMqiRRG1u-2MsSQLbXA,atom,Why Super Glue Is Perfect For Gluing Skin,,https://www.youtube.com/watch?v=Ni82f1-cAXg,2025-01-28T19:17:22+00:00,Veritasium,,yt:video:Ni82f1-cAXg,2025-04-12T14:54:42.983857
https://www.youtube.com/feeds/videos.xml?channel_id=UCHnyfMqiRRG1u-2MsSQLbXA,atom,Why Is MIT Making Robot Insects?,,https://www.youtube.com/watch?v=H6q6pYZ9Fho,2025-01-21T16:58:06+00:00,Veritasium,,yt:video:H6q6pYZ9Fho,2025-04-12T14:54:42.983864
https://www.youtube.com/feeds/videos.xml?channel_id=UCHnyfMqiRRG1u-2MsSQLbXA,atom,Why Don‚Äôt Railroads Need Expansion Joints?,,https://www.youtube.com/watch?v=Rdj5-6t6QI8,2025-01-01T07:00:06+00:00,Veritasium,,yt:video:Rdj5-6t6QI8,2025-04-12T14:54:42.983871
https://www.youtube.com/feeds/videos.xml?channel_id=UCHnyfMqiRRG1u-2MsSQLbXA,atom,The Man Who Took LSD and Changed The World,,https://www.youtube.com/watch?v=zaXKQ70q4KQ,2024-12-26T14:11:09+00:00,Veritasium,,yt:video:zaXKQ70q4KQ,2025-04-12T14:54:42.983878
https://www.youtube.com/feeds/videos.xml?channel_id=UCHnyfMqiRRG1u-2MsSQLbXA,atom,"This Is the Oldest, Weirdest Instrument On Earth",,https://www.youtube.com/watch?v=rjXZzB5bUAo,2024-12-19T18:40:28+00:00,Veritasium,,yt:video:rjXZzB5bUAo,2025-04-12T14:54:42.983884
https://www.youtube.com/feeds/videos.xml?channel_id=UCHnyfMqiRRG1u-2MsSQLbXA,atom,Explaining Pi With Pizza,,https://www.youtube.com/watch?v=pgGrQjYcm5A,2024-12-11T15:00:36+00:00,Veritasium,,yt:video:pgGrQjYcm5A,2025-04-12T14:54:42.983891
https://www.youtube.com/feeds/videos.xml?channel_id=UCoxcjq-8xIDTYp3uz647V5A,atom,The World's LONGEST Klein Bottle - Numberphile,,https://www.youtube.com/watch?v=v7yKZzbyF74,2025-04-11T10:43:16+00:00,Numberphile,,yt:video:v7yKZzbyF74,2025-04-12T14:54:43.100707
https://www.youtube.com/feeds/videos.xml?channel_id=UCoxcjq-8xIDTYp3uz647V5A,atom,The Hyper Moser (and other Mega Numbers) - Numberphile,,https://www.youtube.com/watch?v=Jw_ZPdnHGzg,2025-03-14T10:10:18+00:00,Numberphile,,yt:video:Jw_ZPdnHGzg,2025-04-12T14:54:43.100732
https://www.youtube.com/feeds/videos.xml?channel_id=UCoxcjq-8xIDTYp3uz647V5A,atom,A 1.58-Dimensional Object - Numberphile,,https://www.youtube.com/watch?v=FnRhnZbDprE,2025-03-07T15:20:53+00:00,Numberphile,,yt:video:FnRhnZbDprE,2025-04-12T14:54:43.100743
https://www.youtube.com/feeds/videos.xml?channel_id=UCoxcjq-8xIDTYp3uz647V5A,atom,A Magic Square Breakthrough - Numberphile,,https://www.youtube.com/watch?v=stpiBy6gWOA,2025-02-09T15:17:55+00:00,Numberphile,,yt:video:stpiBy6gWOA,2025-04-12T14:54:43.100752
https://www.youtube.com/feeds/videos.xml?channel_id=UCoxcjq-8xIDTYp3uz647V5A,atom,"Shakespeare, Numbers, and Chronograms - Numberphile",,https://www.youtube.com/watch?v=ERAgUg-e_Qs,2025-02-05T16:34:41+00:00,Numberphile,,yt:video:ERAgUg-e_Qs,2025-04-12T14:54:43.100761
https://www.youtube.com/feeds/videos.xml?channel_id=UCoxcjq-8xIDTYp3uz647V5A,atom,The Slightly Bungled Mersenne Prime Origin Story - Numberphile,,https://www.youtube.com/watch?v=IFTBOUaUClE,2025-01-26T13:12:06+00:00,Numberphile,,yt:video:IFTBOUaUClE,2025-04-12T14:54:43.100770
https://www.youtube.com/feeds/videos.xml?channel_id=UCoxcjq-8xIDTYp3uz647V5A,atom,The Snakey Hexomino (unsolved Tic-Tac-Toe problem) - Numberphile,,https://www.youtube.com/watch?v=ouTE-GYGIA8,2025-01-20T15:49:09+00:00,Numberphile,,yt:video:ouTE-GYGIA8,2025-04-12T14:54:43.100779
https://www.youtube.com/feeds/videos.xml?channel_id=UCoxcjq-8xIDTYp3uz647V5A,atom,The Frobenius Problem (and numerical semigroups) - Numberphile,,https://www.youtube.com/watch?v=be8BGCLuC54,2025-01-10T14:23:02+00:00,Numberphile,,yt:video:be8BGCLuC54,2025-04-12T14:54:43.100788
https://www.youtube.com/feeds/videos.xml?channel_id=UCoxcjq-8xIDTYp3uz647V5A,atom,Pentominoes and other Polyominoes  - Numberphile,,https://www.youtube.com/watch?v=ONdgXYEBihA,2024-12-23T15:05:05+00:00,Numberphile,,yt:video:ONdgXYEBihA,2025-04-12T14:54:43.100798
https://www.youtube.com/feeds/videos.xml?channel_id=UCoxcjq-8xIDTYp3uz647V5A,atom,The Anti-Parker Square - Numberphile,,https://www.youtube.com/watch?v=uz9jOIdhzs0,2024-12-17T13:14:01+00:00,Numberphile,,yt:video:uz9jOIdhzs0,2025-04-12T14:54:43.100806
https://www.youtube.com/feeds/videos.xml?channel_id=UCoxcjq-8xIDTYp3uz647V5A,atom,A Number to the Power of a Matrix - Numberphile,,https://www.youtube.com/watch?v=CHozRTwHInE,2024-12-12T17:12:14+00:00,Numberphile,,yt:video:CHozRTwHInE,2025-04-12T14:54:43.100815
https://www.youtube.com/feeds/videos.xml?channel_id=UCoxcjq-8xIDTYp3uz647V5A,atom,Meeting Ern≈ë Rubik - Numberphile,,https://www.youtube.com/watch?v=zkRxfmECWSM,2024-12-05T21:46:07+00:00,Numberphile,,yt:video:zkRxfmECWSM,2025-04-12T14:54:43.100824
https://www.youtube.com/feeds/videos.xml?channel_id=UCoxcjq-8xIDTYp3uz647V5A,atom,A Fascination with Fractured Friezes - Numberphile,,https://www.youtube.com/watch?v=0YkapBk9y5U,2024-12-03T10:11:13+00:00,Numberphile,,yt:video:0YkapBk9y5U,2025-04-12T14:54:43.100833
https://www.youtube.com/feeds/videos.xml?channel_id=UCoxcjq-8xIDTYp3uz647V5A,atom,Way Bigger Than Graham's Number (Goodstein Sequence) - Numberphile,,https://www.youtube.com/watch?v=0Le7NgS-wO0,2024-11-26T18:39:22+00:00,Numberphile,,yt:video:0Le7NgS-wO0,2025-04-12T14:54:43.100841
https://www.youtube.com/feeds/videos.xml?channel_id=UCoxcjq-8xIDTYp3uz647V5A,atom,Knot Surfaces - Numberphile,,https://www.youtube.com/watch?v=OqjFylGwAj8,2024-11-15T14:54:51+00:00,Numberphile,,yt:video:OqjFylGwAj8,2025-04-12T14:54:43.100850
https://www.youtube.com/feeds/videos.xml?channel_id=UCYO_jab_esuFRV4b17AJtAw,atom,Measuring the distance to Venus without radar,,https://www.youtube.com/watch?v=aw-8BhCilj0,2025-04-08T13:45:00+00:00,3Blue1Brown,,yt:video:aw-8BhCilj0,2025-04-12T14:54:43.245983
https://www.youtube.com/feeds/videos.xml?channel_id=UCYO_jab_esuFRV4b17AJtAw,atom,Measuring the speed of light using Jupiter's moons,,https://www.youtube.com/watch?v=M6LUPYsjods,2025-04-07T15:57:13+00:00,3Blue1Brown,,yt:video:M6LUPYsjods,2025-04-12T14:54:43.246017
https://www.youtube.com/feeds/videos.xml?channel_id=UCYO_jab_esuFRV4b17AJtAw,atom,The tragic tale of Guillaume Le Gentil,,https://www.youtube.com/watch?v=mHya9J9pkq4,2025-03-27T16:01:04+00:00,3Blue1Brown,,yt:video:mHya9J9pkq4,2025-04-12T14:54:43.246032
https://www.youtube.com/feeds/videos.xml?channel_id=UCYO_jab_esuFRV4b17AJtAw,atom,Zooming out by powers of 10,,https://www.youtube.com/watch?v=C8baNzpnZ7o,2025-03-26T18:37:29+00:00,3Blue1Brown,,yt:video:C8baNzpnZ7o,2025-04-12T14:54:43.246045
https://www.youtube.com/feeds/videos.xml?channel_id=UCYO_jab_esuFRV4b17AJtAw,atom,There's more to those colliding blocks that compute pi,,https://www.youtube.com/watch?v=6dTyOl1fmDo,2025-03-13T15:36:52+00:00,3Blue1Brown,,yt:video:6dTyOl1fmDo,2025-04-12T14:54:43.246058
https://www.youtube.com/feeds/videos.xml?channel_id=UCYO_jab_esuFRV4b17AJtAw,atom,When being beautifully wrong leads to discovery,,https://www.youtube.com/watch?v=TZAC0WFemvE,2025-02-28T15:00:44+00:00,3Blue1Brown,,yt:video:TZAC0WFemvE,2025-04-12T14:54:43.246071
https://www.youtube.com/feeds/videos.xml?channel_id=UCYO_jab_esuFRV4b17AJtAw,atom,Why the ancient Greeks rejected heliocentrism,,https://www.youtube.com/watch?v=YP1mMXRCnaI,2025-02-27T15:00:48+00:00,3Blue1Brown,,yt:video:YP1mMXRCnaI,2025-04-12T14:54:43.246086
https://www.youtube.com/feeds/videos.xml?channel_id=UCYO_jab_esuFRV4b17AJtAw,atom,How to estimate the distance to the sun,,https://www.youtube.com/watch?v=gzbFNnTCkqQ,2025-02-26T15:01:03+00:00,3Blue1Brown,,yt:video:gzbFNnTCkqQ,2025-04-12T14:54:43.246099
https://www.youtube.com/feeds/videos.xml?channel_id=UCYO_jab_esuFRV4b17AJtAw,atom,How Aristarchus deduced the distance to the moon,,https://www.youtube.com/watch?v=drmphB3rdHY,2025-02-25T15:00:57+00:00,3Blue1Brown,,yt:video:drmphB3rdHY,2025-04-12T14:54:43.246113
https://www.youtube.com/feeds/videos.xml?channel_id=UCYO_jab_esuFRV4b17AJtAw,atom,How to measure the universe | The Cosmic Distance Ladder Part 2,,https://www.youtube.com/watch?v=hFMaT9oRbs4,2025-02-23T14:54:42+00:00,3Blue1Brown,,yt:video:hFMaT9oRbs4,2025-04-12T14:54:43.246127
https://www.youtube.com/feeds/videos.xml?channel_id=UCYO_jab_esuFRV4b17AJtAw,atom,How Earth's size was computed by Eratosthenes,,https://www.youtube.com/watch?v=9s0srZneJ38,2025-02-12T15:00:17+00:00,3Blue1Brown,,yt:video:9s0srZneJ38,2025-04-12T14:54:43.246140
https://www.youtube.com/feeds/videos.xml?channel_id=UCYO_jab_esuFRV4b17AJtAw,atom,Terence Tao on how we measure the cosmos | The Distance Ladder Part 1,,https://www.youtube.com/watch?v=YdOXS_9_P4U,2025-02-08T13:35:15+00:00,3Blue1Brown,,yt:video:YdOXS_9_P4U,2025-04-12T14:54:43.246154
https://www.youtube.com/feeds/videos.xml?channel_id=UCYO_jab_esuFRV4b17AJtAw,atom,Measuring the earth with Terence Tao,,https://www.youtube.com/watch?v=uT4-WVa-YfU,2025-02-08T13:35:06+00:00,3Blue1Brown,,yt:video:uT4-WVa-YfU,2025-04-12T14:54:43.246169
https://www.youtube.com/feeds/videos.xml?channel_id=UCYO_jab_esuFRV4b17AJtAw,atom,The topology of two-note chords,,https://www.youtube.com/watch?v=K-pGGb0f3tc,2025-01-30T15:00:25+00:00,3Blue1Brown,,yt:video:K-pGGb0f3tc,2025-04-12T14:54:43.246182
https://www.youtube.com/feeds/videos.xml?channel_id=UCYO_jab_esuFRV4b17AJtAw,atom,The barber pole optical mystery,,https://www.youtube.com/watch?v=0TdBP9m4R74,2025-01-06T15:37:38+00:00,3Blue1Brown,,yt:video:0TdBP9m4R74,2025-04-12T14:54:43.246194
https://www.youtube.com/feeds/videos.xml?channel_id=UCBa659QWEk1AI4Tg--mrJ2A,atom,"After ten years, it's time to stop weekly videos.",,https://www.youtube.com/watch?v=7DKv5H5Frt0,2024-01-01T16:00:06+00:00,Tom Scott,,yt:video:7DKv5H5Frt0,2025-04-12T14:54:43.367967
https://www.youtube.com/feeds/videos.xml?channel_id=UCBa659QWEk1AI4Tg--mrJ2A,atom,People are going to be angry about pylons.,,https://www.youtube.com/watch?v=F0JDK_71yDg,2023-12-25T16:00:08+00:00,Tom Scott,,yt:video:F0JDK_71yDg,2025-04-12T14:54:43.367990
https://www.youtube.com/feeds/videos.xml?channel_id=UCBa659QWEk1AI4Tg--mrJ2A,atom,Why the government drops flies on California,,https://www.youtube.com/watch?v=Zl_5LT2fzak,2023-12-18T16:00:18+00:00,Tom Scott,,yt:video:Zl_5LT2fzak,2025-04-12T14:54:43.367999
https://www.youtube.com/feeds/videos.xml?channel_id=UCBa659QWEk1AI4Tg--mrJ2A,atom,A robot just swapped my electric car's battery,,https://www.youtube.com/watch?v=hNZy603as5w,2023-12-11T16:00:31+00:00,Tom Scott,,yt:video:hNZy603as5w,2025-04-12T14:54:43.368006
https://www.youtube.com/feeds/videos.xml?channel_id=UCBa659QWEk1AI4Tg--mrJ2A,atom,Why don't subtitles match dubbing?,,https://www.youtube.com/watch?v=pU9sHwNKc2c,2023-12-04T16:00:40+00:00,Tom Scott,,yt:video:pU9sHwNKc2c,2025-04-12T14:54:43.368014
https://www.youtube.com/feeds/videos.xml?channel_id=UCBa659QWEk1AI4Tg--mrJ2A,atom,Why use many streetlights when one will do?,,https://www.youtube.com/watch?v=LDiXNsWQzD0,2023-11-27T16:00:13+00:00,Tom Scott,,yt:video:LDiXNsWQzD0,2025-04-12T14:54:43.368023
https://www.youtube.com/feeds/videos.xml?channel_id=UCBa659QWEk1AI4Tg--mrJ2A,atom,These tiny ships have a serious purpose,,https://www.youtube.com/watch?v=jplrbxI5GN8,2023-11-20T16:00:29+00:00,Tom Scott,,yt:video:jplrbxI5GN8,2025-04-12T14:54:43.368031
https://www.youtube.com/feeds/videos.xml?channel_id=UCBa659QWEk1AI4Tg--mrJ2A,atom,Every mistake I've made since 2014.,,https://www.youtube.com/watch?v=lIbfMjZ0ME4,2023-11-13T16:00:28+00:00,Tom Scott,,yt:video:lIbfMjZ0ME4,2025-04-12T14:54:43.368038
https://www.youtube.com/feeds/videos.xml?channel_id=UCBa659QWEk1AI4Tg--mrJ2A,atom,Does the language you speak change how you think?,,https://www.youtube.com/watch?v=CmZdGo6b5yA,2023-11-06T16:00:12+00:00,Tom Scott,,yt:video:CmZdGo6b5yA,2025-04-12T14:54:43.368046
https://www.youtube.com/feeds/videos.xml?channel_id=UCBa659QWEk1AI4Tg--mrJ2A,atom,Boarding planes could have been very different,,https://www.youtube.com/watch?v=j3OqAN4ISOw,2023-10-30T16:00:36+00:00,Tom Scott,,yt:video:j3OqAN4ISOw,2025-04-12T14:54:43.368053
https://www.youtube.com/feeds/videos.xml?channel_id=UCBa659QWEk1AI4Tg--mrJ2A,atom,0-100 in less than a second. And I'm driving.,,https://www.youtube.com/watch?v=XQIu5tZ0vbQ,2023-10-23T15:00:24+00:00,Tom Scott,,yt:video:XQIu5tZ0vbQ,2025-04-12T14:54:43.368060
https://www.youtube.com/feeds/videos.xml?channel_id=UCBa659QWEk1AI4Tg--mrJ2A,atom,there‚Äôdn‚Äôt‚Äôve,,https://www.youtube.com/watch?v=CkZyZFa5qO0,2023-10-16T15:00:09+00:00,Tom Scott,,yt:video:CkZyZFa5qO0,2025-04-12T14:54:43.368068
https://www.youtube.com/feeds/videos.xml?channel_id=UCBa659QWEk1AI4Tg--mrJ2A,atom,"I finally rode the weird, curved German elevator.",,https://www.youtube.com/watch?v=ZgDBIzClmPg,2023-10-09T15:00:33+00:00,Tom Scott,,yt:video:ZgDBIzClmPg,2025-04-12T14:54:43.368077
https://www.youtube.com/feeds/videos.xml?channel_id=UCBa659QWEk1AI4Tg--mrJ2A,atom,The largest telescope that will ever be built*,,https://www.youtube.com/watch?v=QqRREz0iBes,2023-10-02T15:00:29+00:00,Tom Scott,,yt:video:QqRREz0iBes,2025-04-12T14:54:43.368085
https://www.youtube.com/feeds/videos.xml?channel_id=UCBa659QWEk1AI4Tg--mrJ2A,atom,Spherical houses weren't a great idea.,,https://www.youtube.com/watch?v=3kwDVw0u4Kw,2023-09-25T15:00:06+00:00,Tom Scott,,yt:video:3kwDVw0u4Kw,2025-04-12T14:54:43.368092
https://www.youtube.com/feeds/videos.xml?channel_id=UCY1kMZp36IQSyNx_9h4mpCg,atom,How Do Hot Air Balloons Actually Steer?,,https://www.youtube.com/watch?v=g6tlNyr5sl8,2025-04-12T15:00:28+00:00,Mark Rober,,yt:video:g6tlNyr5sl8,2025-04-12T14:54:43.487343
https://www.youtube.com/feeds/videos.xml?channel_id=UCY1kMZp36IQSyNx_9h4mpCg,atom,Are Bananas Actually Slippery?,,https://www.youtube.com/watch?v=SUnNPS3rBXk,2025-04-10T16:03:39+00:00,Mark Rober,,yt:video:SUnNPS3rBXk,2025-04-12T14:54:43.487377
https://www.youtube.com/feeds/videos.xml?channel_id=UCY1kMZp36IQSyNx_9h4mpCg,atom,Why can you see the moon during the day?,,https://www.youtube.com/watch?v=f7hHtuS7ygY,2025-04-03T15:30:20+00:00,Mark Rober,,yt:video:f7hHtuS7ygY,2025-04-12T14:54:43.487392
https://www.youtube.com/feeds/videos.xml?channel_id=UCY1kMZp36IQSyNx_9h4mpCg,atom,Instantly Freezing Water!,,https://www.youtube.com/watch?v=qyIzUOVG840,2025-03-28T16:01:08+00:00,Mark Rober,,yt:video:qyIzUOVG840,2025-04-12T14:54:43.487424
https://www.youtube.com/feeds/videos.xml?channel_id=UCY1kMZp36IQSyNx_9h4mpCg,atom,Tesla vs Fake Wall,,https://www.youtube.com/watch?v=U1MigIJXJx8,2025-03-16T18:41:04+00:00,Mark Rober,,yt:video:U1MigIJXJx8,2025-04-12T14:54:43.487438
https://www.youtube.com/feeds/videos.xml?channel_id=UCY1kMZp36IQSyNx_9h4mpCg,atom,Can You Fool A Self Driving Car?,,https://www.youtube.com/watch?v=IQJL3htsDyQ,2025-03-15T15:00:28+00:00,Mark Rober,,yt:video:IQJL3htsDyQ,2025-04-12T14:54:43.487452
https://www.youtube.com/feeds/videos.xml?channel_id=UCY1kMZp36IQSyNx_9h4mpCg,atom,Why do some sounds hurt so much?!,,https://www.youtube.com/watch?v=sLy-x38ILZE,2025-03-06T17:03:24+00:00,Mark Rober,,yt:video:sLy-x38ILZE,2025-04-12T14:54:43.487465
https://www.youtube.com/feeds/videos.xml?channel_id=UCY1kMZp36IQSyNx_9h4mpCg,atom,Hidden message on Mars,,https://www.youtube.com/watch?v=p7f8oR5ELwk,2025-03-02T16:05:40+00:00,Mark Rober,,yt:video:p7f8oR5ELwk,2025-04-12T14:54:43.487479
https://www.youtube.com/feeds/videos.xml?channel_id=UCY1kMZp36IQSyNx_9h4mpCg,atom,You‚Äôve never seen a wheelchair like this‚Ä¶,,https://www.youtube.com/watch?v=xuKigD8_0qM,2025-02-20T17:22:54+00:00,Mark Rober,,yt:video:xuKigD8_0qM,2025-04-12T14:54:43.487493
https://www.youtube.com/feeds/videos.xml?channel_id=UCY1kMZp36IQSyNx_9h4mpCg,atom,This Robot Is Impossible To Beat!,,https://www.youtube.com/watch?v=qgZReY9jnj4,2025-02-13T16:09:53+00:00,Mark Rober,,yt:video:qgZReY9jnj4,2025-04-12T14:54:43.487506
https://www.youtube.com/feeds/videos.xml?channel_id=UCY1kMZp36IQSyNx_9h4mpCg,atom,The HARDEST Object In Your House...,,https://www.youtube.com/watch?v=3jfjdGwontY,2025-02-06T16:00:09+00:00,Mark Rober,,yt:video:3jfjdGwontY,2025-04-12T14:54:43.487519
https://www.youtube.com/feeds/videos.xml?channel_id=UCY1kMZp36IQSyNx_9h4mpCg,atom,Turning An Egg Into A Bouncy Ball,,https://www.youtube.com/watch?v=qRJOojiBi-s,2025-01-30T16:22:44+00:00,Mark Rober,,yt:video:qRJOojiBi-s,2025-04-12T14:54:43.487533
https://www.youtube.com/feeds/videos.xml?channel_id=UCY1kMZp36IQSyNx_9h4mpCg,atom,The Fastest Way To Make A Salad!,,https://www.youtube.com/watch?v=6zU2rLYHLhw,2025-01-23T16:08:11+00:00,Mark Rober,,yt:video:6zU2rLYHLhw,2025-04-12T14:54:43.487548
https://www.youtube.com/feeds/videos.xml?channel_id=UCY1kMZp36IQSyNx_9h4mpCg,atom,How To Lure A Gorilla With Your Phone,,https://www.youtube.com/watch?v=tFQ5wjQ-1o0,2025-01-16T21:52:59+00:00,Mark Rober,,yt:video:tFQ5wjQ-1o0,2025-04-12T14:54:43.487561
https://www.youtube.com/feeds/videos.xml?channel_id=UCY1kMZp36IQSyNx_9h4mpCg,atom,Surfing on 3.5 Million BBs!,,https://www.youtube.com/watch?v=0OehwWCaKX8,2025-01-03T16:00:01+00:00,Mark Rober,,yt:video:0OehwWCaKX8,2025-04-12T14:54:43.487574
https://www.youtube.com/feeds/videos.xml?channel_id=UC2C_jShtL725hvbm1arSV9w,atom,Is The Penny *Finally* Dead?,,https://www.youtube.com/watch?v=n1KgxqEQn0A,2025-02-17T18:39:32+00:00,CGP Grey,,yt:video:n1KgxqEQn0A,2025-04-12T14:54:43.601786
https://www.youtube.com/feeds/videos.xml?channel_id=UC2C_jShtL725hvbm1arSV9w,atom,The Hidden Pattern in Post Codes,,https://www.youtube.com/watch?v=1K5oDtVAYzk,2025-01-28T21:45:11+00:00,CGP Grey,,yt:video:1K5oDtVAYzk,2025-04-12T14:54:43.601812
https://www.youtube.com/feeds/videos.xml?channel_id=UC2C_jShtL725hvbm1arSV9w,atom,NEW: More Designs for Your Sidekick Notepad!,,https://www.youtube.com/watch?v=lk4lBV5wgGM,2025-01-28T21:30:08+00:00,CGP Grey,,yt:video:lk4lBV5wgGM,2025-04-12T14:54:43.601822
https://www.youtube.com/feeds/videos.xml?channel_id=UC2C_jShtL725hvbm1arSV9w,atom,BREAKING NEWS! The Election's Most Difficult Decision‚Ä¶,,https://www.youtube.com/watch?v=xfPKwJ7Qukc,2024-10-29T19:45:11+00:00,CGP Grey,,yt:video:xfPKwJ7Qukc,2025-04-12T14:54:43.601832
https://www.youtube.com/feeds/videos.xml?channel_id=UC2C_jShtL725hvbm1arSV9w,atom,üéÑ Grey Grades Canada's Flags!  (And Merry Xmas!) üéÑ,,https://www.youtube.com/watch?v=G6wYSpLtwRI,2023-12-23T17:51:57+00:00,CGP Grey,,yt:video:G6wYSpLtwRI,2025-04-12T14:54:43.601841
https://www.youtube.com/feeds/videos.xml?channel_id=UC2C_jShtL725hvbm1arSV9w,atom,üö® BREAKING FLAG NEWS: Minnesota Getting a New Flag,,https://www.youtube.com/watch?v=lFwwo0W5Ugg,2023-12-14T22:00:19+00:00,CGP Grey,,yt:video:lFwwo0W5Ugg,2025-04-12T14:54:43.601851
https://www.youtube.com/feeds/videos.xml?channel_id=UC2C_jShtL725hvbm1arSV9w,atom,Your New Sidekick (Notepad!),,https://www.youtube.com/watch?v=z_7N8MFRJkc,2023-12-05T18:30:41+00:00,CGP Grey,,yt:video:z_7N8MFRJkc,2025-04-12T14:54:43.601860
https://www.youtube.com/feeds/videos.xml?channel_id=UC2C_jShtL725hvbm1arSV9w,atom,"üêù Behind the Scenes of Rock, Paper, Scissors! ü™®üìÑ‚úÇÔ∏è",,https://www.youtube.com/watch?v=CHHRnkkGNyc,2023-10-22T17:34:31+00:00,CGP Grey,,yt:video:CHHRnkkGNyc,2025-04-12T14:54:43.601869
https://www.youtube.com/feeds/videos.xml?channel_id=UC2C_jShtL725hvbm1arSV9w,atom,"Can You Win a 1 in 1 Million Game of Rock, Paper, Scissors? (Civilization may depend on it‚Ä¶)",,https://www.youtube.com/watch?v=PmWQmZXYd74,2023-10-19T16:03:05+00:00,CGP Grey,,yt:video:PmWQmZXYd74,2025-04-12T14:54:43.601878
https://www.youtube.com/feeds/videos.xml?channel_id=UC2C_jShtL725hvbm1arSV9w,atom,"Can Chess, with Hexagons?",,https://www.youtube.com/watch?v=bgR3yESAEVE,2023-07-10T19:00:09+00:00,CGP Grey,,yt:video:bgR3yESAEVE,2025-04-12T14:54:43.601888
https://www.youtube.com/feeds/videos.xml?channel_id=UC2C_jShtL725hvbm1arSV9w,atom,üá∫üá∏ DOES YOUR FLAG FAIL?  Grey Grades State Flags!,,https://www.youtube.com/watch?v=l4w6808wJcU,2023-04-02T19:30:08+00:00,CGP Grey,,yt:video:l4w6808wJcU,2025-04-12T14:54:43.601897
https://www.youtube.com/feeds/videos.xml?channel_id=UC2C_jShtL725hvbm1arSV9w,atom,An Experiment With YouTube Comments‚Ä¶,,https://www.youtube.com/watch?v=BHMF-FlkqPw,2023-04-02T17:50:40+00:00,CGP Grey,,yt:video:BHMF-FlkqPw,2025-04-12T14:54:43.601905
https://www.youtube.com/feeds/videos.xml?channel_id=UC2C_jShtL725hvbm1arSV9w,atom,The Coolest ''''Country''''' Flag You Need To Know,,https://www.youtube.com/watch?v=U0wTDK0VOeY,2023-03-28T11:45:11+00:00,CGP Grey,,yt:video:U0wTDK0VOeY,2025-04-12T14:54:43.601914
https://www.youtube.com/feeds/videos.xml?channel_id=UC2C_jShtL725hvbm1arSV9w,atom,‚úàÔ∏è The Maddening Mess of Airport Codes! ‚úàÔ∏è,,https://www.youtube.com/watch?v=jfOUVYQnuhw,2022-12-02T19:15:06+00:00,CGP Grey,,yt:video:jfOUVYQnuhw,2025-04-12T14:54:43.601923
https://www.youtube.com/feeds/videos.xml?channel_id=UC2C_jShtL725hvbm1arSV9w,atom,The Simple Secret of Runway Digits,,https://www.youtube.com/watch?v=qD6bPNZRRbQ,2022-08-07T17:30:15+00:00,CGP Grey,,yt:video:qD6bPNZRRbQ,2025-04-12T14:54:43.601932
https://www.youtube.com/feeds/videos.xml?channel_id=UC6107grRI4m0o2-emgoDnAA,atom,The Unsolved Mystery of Impact Flashes - Smarter Every Day 307,,https://www.youtube.com/watch?v=8nilP--GFLY,2025-03-31T15:19:15+00:00,SmarterEveryDay,,yt:video:8nilP--GFLY,2025-04-12T14:54:43.758537
https://www.youtube.com/feeds/videos.xml?channel_id=UC6107grRI4m0o2-emgoDnAA,atom,I Explored the World's First Nuclear Power Plant (and How It Works) - Smarter Every Day 306,,https://www.youtube.com/watch?v=JVROsxtjoCw,2025-01-31T17:00:05+00:00,SmarterEveryDay,,yt:video:JVROsxtjoCw,2025-04-12T14:54:43.758550
https://www.youtube.com/feeds/videos.xml?channel_id=UC6107grRI4m0o2-emgoDnAA,atom,The Backwards Brain Tractor - Smarter Every Day 305,,https://www.youtube.com/watch?v=lylCYkgC63Q,2024-12-15T15:19:27+00:00,SmarterEveryDay,,yt:video:lylCYkgC63Q,2025-04-12T14:54:43.758553
https://www.youtube.com/feeds/videos.xml?channel_id=UC6107grRI4m0o2-emgoDnAA,atom,The Incredibly Unique Triple Barreled Pistol...  - Smarter Every Day 304,,https://www.youtube.com/watch?v=jDusS--bZZA,2024-11-24T20:00:31+00:00,SmarterEveryDay,,yt:video:jDusS--bZZA,2025-04-12T14:54:43.758556
https://www.youtube.com/feeds/videos.xml?channel_id=UC6107grRI4m0o2-emgoDnAA,atom,Live Interview from the ISS Cupola - Smarter Every Day 303,,https://www.youtube.com/watch?v=JJofuF2zcTE,2024-10-27T14:04:59+00:00,SmarterEveryDay,,yt:video:JJofuF2zcTE,2025-04-12T14:54:43.758558
https://www.youtube.com/feeds/videos.xml?channel_id=UC6107grRI4m0o2-emgoDnAA,atom,Climbing Kilimanjaro - Smarter Every Day 302,,https://www.youtube.com/watch?v=sEK6wZWMbCY,2024-09-30T14:00:09+00:00,SmarterEveryDay,,yt:video:sEK6wZWMbCY,2025-04-12T14:54:43.758561
https://www.youtube.com/feeds/videos.xml?channel_id=UC6107grRI4m0o2-emgoDnAA,atom,How Disc Golf Discs Are Made (MVP Manufacturing Tour) - Smarter Every Day 301,,https://www.youtube.com/watch?v=frbLIoqDIO8,2024-09-01T13:34:07+00:00,SmarterEveryDay,,yt:video:frbLIoqDIO8,2025-04-12T14:54:43.758563
https://www.youtube.com/feeds/videos.xml?channel_id=UC6107grRI4m0o2-emgoDnAA,atom,Nature's Incredible ROTATING MOTOR (It‚Äôs Electric!) - Smarter Every Day 300,,https://www.youtube.com/watch?v=VPSm9gJkPxU,2024-07-28T14:00:19+00:00,SmarterEveryDay,,yt:video:VPSm9gJkPxU,2025-04-12T14:54:43.758566
https://www.youtube.com/feeds/videos.xml?channel_id=UC6107grRI4m0o2-emgoDnAA,atom,How Do Cicadas Make Noise? (In Slow Motion)  - Smarter Every Day 299,,https://www.youtube.com/watch?v=TWc48iVC8u8,2024-06-02T14:04:50+00:00,SmarterEveryDay,,yt:video:TWc48iVC8u8,2025-04-12T14:54:43.758568
https://www.youtube.com/feeds/videos.xml?channel_id=UC6107grRI4m0o2-emgoDnAA,atom,I Accidentally Photographed Something Unknown During the Eclipse - Smarter Every Day 298,,https://www.youtube.com/watch?v=bQF51mqzrY4,2024-05-19T14:00:48+00:00,SmarterEveryDay,,yt:video:bQF51mqzrY4,2025-04-12T14:54:43.758570
https://www.youtube.com/feeds/videos.xml?channel_id=UC6107grRI4m0o2-emgoDnAA,atom,Touring the Vulcan Rocket on the Launch Pad - Smarter Every Day 297,,https://www.youtube.com/watch?v=Bh7Xf3Ox7K8,2024-04-28T14:00:05+00:00,SmarterEveryDay,,yt:video:Bh7Xf3Ox7K8,2025-04-12T14:54:43.758573
https://www.youtube.com/feeds/videos.xml?channel_id=UC6107grRI4m0o2-emgoDnAA,atom,Why NASA's Next Space Suits are not Pressurized to 14.7psi - Smarter Every Day 296,,https://www.youtube.com/watch?v=AiZd5yBWvYY,2024-03-31T14:07:29+00:00,SmarterEveryDay,,yt:video:AiZd5yBWvYY,2025-04-12T14:54:43.758575
https://www.youtube.com/feeds/videos.xml?channel_id=UC6107grRI4m0o2-emgoDnAA,atom,"April 8, 2024 Total Solar Eclipse: Here's what you need to know -Smarter Every Day 295",,https://www.youtube.com/watch?v=eNK2LI7VeX4,2024-02-25T14:27:14+00:00,SmarterEveryDay,,yt:video:eNK2LI7VeX4,2025-04-12T14:54:43.758578
https://www.youtube.com/feeds/videos.xml?channel_id=UC6107grRI4m0o2-emgoDnAA,atom,"I Struck A Match With a Bullet (380,117 frames per second SlowMo) - Smarter Every Day 294",,https://www.youtube.com/watch?v=W4QSGlM06Gs,2024-01-22T16:58:19+00:00,SmarterEveryDay,,yt:video:W4QSGlM06Gs,2025-04-12T14:54:43.758580
https://www.youtube.com/feeds/videos.xml?channel_id=UC6107grRI4m0o2-emgoDnAA,atom,I Was SCARED To Say This To NASA... (But I said it anyway) - Smarter Every Day 293,,https://www.youtube.com/watch?v=OoJsPvmFixU,2023-12-03T14:39:51+00:00,SmarterEveryDay,,yt:video:OoJsPvmFixU,2025-04-12T14:54:43.758582
https://www.youtube.com/feeds/videos.xml?channel_id=UCeeFfhMcJa1kjtfZAGskOCA,atom,Well this is concerning,,https://www.youtube.com/watch?v=b8ch4JNLMS0,2025-04-12T03:09:18+00:00,TechLinked,,yt:video:b8ch4JNLMS0,2025-04-12T14:54:43.883967
https://www.youtube.com/feeds/videos.xml?channel_id=UCeeFfhMcJa1kjtfZAGskOCA,atom,Good Luck Getting A Laptop...,,https://www.youtube.com/watch?v=HG_46qp9SbA,2025-04-10T04:07:00+00:00,TechLinked,,yt:video:HG_46qp9SbA,2025-04-12T14:54:43.883979
https://www.youtube.com/feeds/videos.xml?channel_id=UCeeFfhMcJa1kjtfZAGskOCA,atom,China Did What We Couldn‚Äôt,,https://www.youtube.com/watch?v=AEIMPq1zlCo,2025-04-08T03:37:14+00:00,TechLinked,,yt:video:AEIMPq1zlCo,2025-04-12T14:54:43.883983
https://www.youtube.com/feeds/videos.xml?channel_id=UCeeFfhMcJa1kjtfZAGskOCA,atom,"Strap In, Gamers...",,https://www.youtube.com/watch?v=wYh-twh5DDw,2025-04-05T03:59:44+00:00,TechLinked,,yt:video:wYh-twh5DDw,2025-04-12T14:54:43.883986
https://www.youtube.com/feeds/videos.xml?channel_id=UCeeFfhMcJa1kjtfZAGskOCA,atom,This Changes Everything.,,https://www.youtube.com/watch?v=BIGAReB9Eug,2025-04-03T05:00:17+00:00,TechLinked,,yt:video:BIGAReB9Eug,2025-04-12T14:54:43.883988
https://www.youtube.com/feeds/videos.xml?channel_id=UCeeFfhMcJa1kjtfZAGskOCA,atom,Prepare For the ‚ÄòBlack Screen of Death‚Äô,,https://www.youtube.com/watch?v=buE6m9M-2GU,2025-04-01T03:13:06+00:00,TechLinked,,yt:video:buE6m9M-2GU,2025-04-12T14:54:43.883991
https://www.youtube.com/feeds/videos.xml?channel_id=UCeeFfhMcJa1kjtfZAGskOCA,atom,It's Got a 'Wii U' Mode...,,https://www.youtube.com/watch?v=6PwHtR4EEqI,2025-03-29T04:34:58+00:00,TechLinked,,yt:video:6PwHtR4EEqI,2025-04-12T14:54:43.883994
https://www.youtube.com/feeds/videos.xml?channel_id=UCeeFfhMcJa1kjtfZAGskOCA,atom,Now that‚Äôs a collab...,,https://www.youtube.com/watch?v=l55CeEn3uWo,2025-03-27T02:23:47+00:00,TechLinked,,yt:video:l55CeEn3uWo,2025-04-12T14:54:43.883997
https://www.youtube.com/feeds/videos.xml?channel_id=UCeeFfhMcJa1kjtfZAGskOCA,atom,If you used this you‚Äôre screwed,,https://www.youtube.com/watch?v=nrCVnn2Zfxw,2025-03-25T02:48:36+00:00,TechLinked,,yt:video:nrCVnn2Zfxw,2025-04-12T14:54:43.883999
https://www.youtube.com/feeds/videos.xml?channel_id=UCeeFfhMcJa1kjtfZAGskOCA,atom,Steam Really IS Winning‚Ä¶,,https://www.youtube.com/watch?v=0UyVUrZBiSA,2025-03-22T03:44:38+00:00,TechLinked,,yt:video:0UyVUrZBiSA,2025-04-12T14:54:43.884002
https://www.youtube.com/feeds/videos.xml?channel_id=UCeeFfhMcJa1kjtfZAGskOCA,atom,Who Needs USB-C Anyway?,,https://www.youtube.com/watch?v=eAxPeUsrDhk,2025-03-20T03:01:57+00:00,TechLinked,,yt:video:eAxPeUsrDhk,2025-04-12T14:54:43.884004
https://www.youtube.com/feeds/videos.xml?channel_id=UCeeFfhMcJa1kjtfZAGskOCA,atom,Microsoft‚Äôs Big Oopsie,,https://www.youtube.com/watch?v=DhXH83O6pXc,2025-03-18T02:50:13+00:00,TechLinked,,yt:video:DhXH83O6pXc,2025-04-12T14:54:43.884007
https://www.youtube.com/feeds/videos.xml?channel_id=UCeeFfhMcJa1kjtfZAGskOCA,atom,What is Nvidia Smoking?,,https://www.youtube.com/watch?v=SVB7iew9FlE,2025-03-15T05:11:39+00:00,TechLinked,,yt:video:SVB7iew9FlE,2025-04-12T14:54:43.884009
https://www.youtube.com/feeds/videos.xml?channel_id=UCeeFfhMcJa1kjtfZAGskOCA,atom,"Google, What Have You Done?",,https://www.youtube.com/watch?v=ctsEKf7-BJs,2025-03-13T02:58:36+00:00,TechLinked,,yt:video:ctsEKf7-BJs,2025-04-12T14:54:43.884012
https://www.youtube.com/feeds/videos.xml?channel_id=UCeeFfhMcJa1kjtfZAGskOCA,atom,Wait. It's Real?,,https://www.youtube.com/watch?v=xTgFCXrDgDk,2025-03-11T05:30:23+00:00,TechLinked,,yt:video:xTgFCXrDgDk,2025-04-12T14:54:43.884014
https://www.youtube.com/feeds/videos.xml?channel_id=UCXuqSBlHAE6Xw-yeJA0Tunw,atom,I Got ALL this Tech for Under $100! - Handy Tech Under $100,,https://www.youtube.com/watch?v=bHmbYqBsRfU,2025-04-12T16:59:29+00:00,Linus Tech Tips,,yt:video:bHmbYqBsRfU,2025-04-12T14:54:44.037129
https://www.youtube.com/feeds/videos.xml?channel_id=UCXuqSBlHAE6Xw-yeJA0Tunw,atom,"Sorry America - WAN Show April 11, 2025",,https://www.youtube.com/watch?v=TWb2P-GGBcU,2025-04-12T03:19:12+00:00,Linus Tech Tips,,yt:video:TWb2P-GGBcU,2025-04-12T14:54:44.037150
https://www.youtube.com/feeds/videos.xml?channel_id=UCXuqSBlHAE6Xw-yeJA0Tunw,atom,Biggest Tech Innovation in the 2020s is...,,https://www.youtube.com/watch?v=VK0VHfWXkMM,2025-04-11T17:00:44+00:00,Linus Tech Tips,,yt:video:VK0VHfWXkMM,2025-04-12T14:54:44.037157
https://www.youtube.com/feeds/videos.xml?channel_id=UCXuqSBlHAE6Xw-yeJA0Tunw,atom,I made her Upgrade her Husband's PC,,https://www.youtube.com/watch?v=GIqnvU1tgPg,2025-04-10T17:27:39+00:00,Linus Tech Tips,,yt:video:GIqnvU1tgPg,2025-04-12T14:54:44.037162
https://www.youtube.com/feeds/videos.xml?channel_id=UCXuqSBlHAE6Xw-yeJA0Tunw,atom,"The $1,000,000 PC ruined our server room",,https://www.youtube.com/watch?v=cF8lI14sS1I,2025-04-09T17:14:23+00:00,Linus Tech Tips,,yt:video:cF8lI14sS1I,2025-04-12T14:54:44.037168
https://www.youtube.com/feeds/videos.xml?channel_id=UCXuqSBlHAE6Xw-yeJA0Tunw,atom,I bought this scam PC case... And it actually arrived,,https://www.youtube.com/watch?v=iLHC2_gByQ8,2025-04-07T17:16:54+00:00,Linus Tech Tips,,yt:video:iLHC2_gByQ8,2025-04-12T14:54:44.037173
https://www.youtube.com/feeds/videos.xml?channel_id=UCXuqSBlHAE6Xw-yeJA0Tunw,atom,The BEST Budget Gaming CPU No One Told You About,,https://www.youtube.com/watch?v=nu1hNTyPANA,2025-04-06T17:31:24+00:00,Linus Tech Tips,,yt:video:nu1hNTyPANA,2025-04-12T14:54:44.037179
https://www.youtube.com/feeds/videos.xml?channel_id=UCXuqSBlHAE6Xw-yeJA0Tunw,atom,This Guy Built the ULTIMATE Gaming House,,https://www.youtube.com/watch?v=97Y0MVUgjOw,2025-04-05T16:53:56+00:00,Linus Tech Tips,,yt:video:97Y0MVUgjOw,2025-04-12T14:54:44.037185
https://www.youtube.com/feeds/videos.xml?channel_id=UCXuqSBlHAE6Xw-yeJA0Tunw,atom,"This Is An Emergency - WAN Show April 4, 2025",,https://www.youtube.com/watch?v=k4fVtzRYLYw,2025-04-05T03:56:43+00:00,Linus Tech Tips,,yt:video:k4fVtzRYLYw,2025-04-12T14:54:44.037190
https://www.youtube.com/feeds/videos.xml?channel_id=UCXuqSBlHAE6Xw-yeJA0Tunw,atom,"Great, Now I have to Buy TWO Nintendo Switch 2s (plus EXPENSIVE Games)",,https://www.youtube.com/watch?v=SxST4lySx8c,2025-04-03T20:02:22+00:00,Linus Tech Tips,,yt:video:SxST4lySx8c,2025-04-12T14:54:44.037196
https://www.youtube.com/feeds/videos.xml?channel_id=UCXuqSBlHAE6Xw-yeJA0Tunw,atom,I Downgraded Their Computers - ARC Battlemage 30 Day Challenge Pt. 1,,https://www.youtube.com/watch?v=jYs7Ba6Y8Zs,2025-04-02T17:00:49+00:00,Linus Tech Tips,,yt:video:jYs7Ba6Y8Zs,2025-04-12T14:54:44.037201
https://www.youtube.com/feeds/videos.xml?channel_id=UCXuqSBlHAE6Xw-yeJA0Tunw,atom,Easy One Step Method to Watercool your PC,,https://www.youtube.com/watch?v=l700yGq4McY,2025-04-01T15:30:30+00:00,Linus Tech Tips,,yt:video:l700yGq4McY,2025-04-12T14:54:44.037207
https://www.youtube.com/feeds/videos.xml?channel_id=UCXuqSBlHAE6Xw-yeJA0Tunw,atom,My BIGGEST UNBOXING ever!,,https://www.youtube.com/watch?v=nqla6PSs4f4,2025-04-01T01:55:54+00:00,Linus Tech Tips,,yt:video:nqla6PSs4f4,2025-04-12T14:54:44.037212
https://www.youtube.com/feeds/videos.xml?channel_id=UCXuqSBlHAE6Xw-yeJA0Tunw,atom,We Built a $500 Water-Cooled PC With Junk Parts ‚Äì Scrapyard Wars 2 COMPLETE,,https://www.youtube.com/watch?v=RWayEP0dC6U,2025-03-31T17:29:01+00:00,Linus Tech Tips,,yt:video:RWayEP0dC6U,2025-04-12T14:54:44.037217
https://www.youtube.com/feeds/videos.xml?channel_id=UCXuqSBlHAE6Xw-yeJA0Tunw,atom,The 30 Day Android Challenge is OVER.. Now Who Wants Their iPhone Back?,,https://www.youtube.com/watch?v=s4pYfSqAOtE,2025-03-29T16:52:59+00:00,Linus Tech Tips,,yt:video:s4pYfSqAOtE,2025-04-12T14:54:44.037223
https://feeds.content.dowjones.io/public/rss/RSSOpinion,error,AttributeError: 'NoneType' object has no attribute 'strip',,,,,,,
